location,date,open,high,low,close
New Zealand,2021-04-30,12715.2,12758.18,12661.1,12731.13
New Zealand,2021-04-29,12646.14,12719.52,12646.14,12715.2
New Zealand,2021-04-28,12620.52,12664.42,12598.03,12646.14
New Zealand,2021-04-27,12650.64,12693.15,12592.77,12620.52
New Zealand,2021-04-23,12577.48,12650.64,12550.92,12650.64
New Zealand,2021-04-22,12535.34,12624.11,12535.34,12577.48
New Zealand,2021-04-21,12678.55,12678.55,12485.97,12535.34
New Zealand,2021-04-20,12767.83,12767.83,12574.25,12678.55
New Zealand,2021-04-19,12684.73,12767.83,12684.73,12767.83
New Zealand,2021-04-16,12636.55,12738.3,12636.55,12684.73
New Zealand,2021-04-15,12751.38,12770.83,12616.92,12636.55
New Zealand,2021-04-14,12656.42,12751.38,12656.42,12751.38
New Zealand,2021-04-13,12518.71,12671.09,12510.41,12656.42
New Zealand,2021-04-12,12574.35,12595.33,12477.23,12518.71
New Zealand,2021-04-09,12632.6,12686.33,12574.35,12574.35
New Zealand,2021-04-08,12487.59,12632.6,12487.59,12632.6
New Zealand,2021-04-07,12400.48,12496.16,12400.48,12487.59
New Zealand,2021-04-06,12488.31,12498.55,12376.63,12400.48
New Zealand,2021-04-01,12560.7,12570.68,12439.41,12488.31
New Zealand,2021-03-31,12446.76,12568.7,12416.17,12560.7
New Zealand,2021-03-30,12375.07,12446.76,12365.22,12446.76
New Zealand,2021-03-29,12350.84,12432.98,12350.84,12368.13
New Zealand,2021-03-26,12388.06,12405.64,12329.34,12348.83
New Zealand,2021-03-25,12358.88,12427.73,12334.73,12388.06
New Zealand,2021-03-24,12394.34,12432.01,12344.19,12358.88
New Zealand,2021-03-23,12329.6,12425.38,12329.6,12394.34
New Zealand,2021-03-22,12515.22,12515.22,12329.09,12329.09
New Zealand,2021-03-19,12496.14,12552.05,12461.8,12515.22
New Zealand,2021-03-18,12644.64,12650.77,12496.14,12496.14
New Zealand,2021-03-17,12693.31,12748.42,12572.38,12622.21
New Zealand,2021-03-16,12593.56,12710.17,12584.85,12689.05
New Zealand,2021-03-15,12431.31,12595.96,12415.13,12592.26
New Zealand,2021-03-12,12282.84,12426.77,12260.56,12426.77
New Zealand,2021-03-11,12262.84,12323.25,12221.37,12272.48
New Zealand,2021-03-10,12145.97,12268.93,12145.97,12251.9
New Zealand,2021-03-09,12086.26,12191.15,12057.9,12145.15
New Zealand,2021-03-08,12181.79,12334.3,12085.18,12085.18
New Zealand,2021-03-05,12224.5,12233.57,12107.13,12180.25
New Zealand,2021-03-04,12365.87,12365.87,12224.5,12224.5
New Zealand,2021-03-03,12345.9,12413.71,12290.23,12359.26
New Zealand,2021-03-02,12301.81,12467.73,12301.81,12344.49
New Zealand,2021-03-01,12230.08,12301.81,12108.47,12301.81
New Zealand,2021-02-26,12141.75,12227.29,11983.14,12227.29
New Zealand,2021-02-25,12282.42,12282.42,12118.51,12140.66
New Zealand,2021-02-24,12398.39,12409.66,12276.71,12282.42
New Zealand,2021-02-23,12426.79,12426.79,12336.09,12388.84
New Zealand,2021-02-22,12548.63,12588.38,12405.67,12426.24
New Zealand,2021-02-19,12633.6,12642.56,12503.82,12548.63
New Zealand,2021-02-18,12673.97,12785.68,12627.85,12633.6
New Zealand,2021-02-17,12610.72,12673.97,12593.53,12673.97
New Zealand,2021-02-16,12510.56,12641.03,12510.56,12610.72
New Zealand,2021-02-15,12589.64,12589.64,12469.12,12510.56
New Zealand,2021-02-12,12761.13,12801.23,12589.64,12589.64
New Zealand,2021-02-11,12830.03,12903.46,12757.13,12761.13
New Zealand,2021-02-10,12927.69,12971.94,12830.03,12830.03
New Zealand,2021-02-09,13054.66,13070.52,12927.69,12927.69
New Zealand,2021-02-05,12992.14,13067.47,12960.44,13053.87
New Zealand,2021-02-04,13091.21,13141.05,12987.2,12992.14
New Zealand,2021-02-03,13044.5,13169.84,13023.09,13091.21
New Zealand,2021-02-02,13097.25,13181.64,13012.58,13044.5
New Zealand,2021-02-01,13127.29,13127.29,12993.26,13097.25
New Zealand,2021-01-29,13086.46,13279.96,13086.46,13127.29
New Zealand,2021-01-28,13374.0,13374.0,13076.17,13086.46
New Zealand,2021-01-27,13323.46,13393.28,13287.89,13374.0
New Zealand,2021-01-26,13399.1,13430.32,13306.84,13323.46
New Zealand,2021-01-25,13333.43,13399.1,13272.26,13399.1
New Zealand,2021-01-22,13112.19,13375.68,13112.19,13333.43
New Zealand,2021-01-21,13026.45,13145.87,13026.45,13112.19
New Zealand,2021-01-20,12881.31,13026.45,12881.31,13026.45
New Zealand,2021-01-19,12838.36,12881.31,12757.45,12881.31
New Zealand,2021-01-18,13024.69,13114.5,12838.36,12838.36
New Zealand,2021-01-15,13115.87,13148.25,12991.11,13024.69
New Zealand,2021-01-14,13120.28,13206.88,13091.13,13115.87
New Zealand,2021-01-13,13183.69,13224.95,13120.28,13120.28
New Zealand,2021-01-12,13290.09,13290.09,13146.3,13183.69
New Zealand,2021-01-11,13558.19,13558.19,13280.21,13290.09
New Zealand,2021-01-08,13485.67,13643.78,13366.82,13558.19
New Zealand,2021-01-07,13333.93,13636.25,13333.93,13485.67
New Zealand,2021-01-06,13367.65,13480.45,13332.45,13333.93
New Zealand,2021-01-05,13092.75,13367.65,13092.75,13367.65
New Zealand,2020-12-31,13217.14,13265.31,13091.64,13091.64
New Zealand,2020-12-30,13246.77,13277.38,13185.0,13217.14
New Zealand,2020-12-29,13037.94,13270.7,13035.4,13246.77
New Zealand,2020-12-24,13020.21,13101.16,13020.21,13037.94
New Zealand,2020-12-23,12842.69,13020.21,12830.27,13020.21
New Zealand,2020-12-22,12607.74,12842.69,12606.43,12842.69
New Zealand,2020-12-21,12682.0,12714.36,12584.25,12607.74
New Zealand,2020-12-18,12888.77,12969.35,12588.12,12682.0
New Zealand,2020-12-17,12828.99,12946.83,12819.59,12888.77
New Zealand,2020-12-16,12767.17,12909.53,12761.33,12828.99
New Zealand,2020-12-15,12835.12,12882.24,12767.17,12767.17
New Zealand,2020-12-14,12920.13,12920.13,12835.12,12835.12
New Zealand,2020-12-11,12860.37,12921.44,12824.73,12919.25
New Zealand,2020-12-10,12895.42,12912.1,12858.12,12860.37
New Zealand,2020-12-09,12719.59,12908.89,12719.59,12889.4
New Zealand,2020-12-08,12631.38,12742.59,12608.75,12719.59
New Zealand,2020-12-07,12631.38,12745.83,12608.75,12656.02
New Zealand,2020-12-04,12650.33,12707.27,12620.71,12631.38
New Zealand,2020-12-03,12741.41,12773.44,12629.11,12648.91
New Zealand,2020-12-02,12730.63,12799.89,12699.69,12728.69
New Zealand,2020-12-01,12769.15,12769.15,12685.17,12729.91
New Zealand,2020-11-30,12644.21,12782.96,12644.21,12768.52
New Zealand,2020-11-27,12602.02,12641.57,12593.77,12639.83
New Zealand,2020-11-26,12669.11,12688.99,12590.74,12602.02
New Zealand,2020-11-25,12555.08,12709.9,12555.08,12667.98
New Zealand,2020-11-24,12502.29,12575.3,12502.29,12553.38
New Zealand,2020-11-23,12441.81,12517.66,12441.81,12501.74
New Zealand,2020-11-20,12557.13,12566.25,12441.81,12441.81
New Zealand,2020-11-19,12605.96,12659.18,12531.36,12557.13
New Zealand,2020-11-18,12765.03,12831.33,12584.84,12605.96
New Zealand,2020-11-17,12744.92,12801.43,12684.97,12765.03
New Zealand,2020-11-16,12700.17,12855.02,12700.17,12744.92
New Zealand,2020-11-13,12670.62,12733.55,12595.79,12700.17
New Zealand,2020-11-12,12665.63,12733.55,12642.02,12670.62
New Zealand,2020-11-11,12613.27,12761.87,12613.27,12665.63
New Zealand,2020-11-10,12562.2,12840.04,12556.93,12612.39
New Zealand,2020-11-09,12337.88,12569.75,12337.88,12562.2
New Zealand,2020-11-06,12250.87,12416.94,12250.87,12337.02
New Zealand,2020-11-05,12199.93,12295.52,12199.93,12249.98
New Zealand,2020-11-04,12130.31,12245.9,12116.55,12199.93
New Zealand,2020-11-03,12070.83,12141.38,12027.65,12130.31
New Zealand,2020-11-02,12084.47,12099.19,12010.05,12070.83
New Zealand,2020-10-30,12201.8,12223.45,12044.93,12084.47
New Zealand,2020-10-29,12264.52,12264.52,12098.6,12201.8
New Zealand,2020-10-28,12251.91,12331.98,12228.73,12264.52
New Zealand,2020-10-27,12470.34,12470.34,12251.91,12251.91
New Zealand,2020-10-23,12407.29,12470.34,12367.99,12470.34
New Zealand,2020-10-22,12432.61,12488.73,12356.01,12407.29
New Zealand,2020-10-21,12462.38,12502.89,12412.08,12432.61
New Zealand,2020-10-20,12385.25,12474.25,12385.25,12462.05
New Zealand,2020-10-19,12433.16,12462.61,12385.25,12385.25
New Zealand,2020-10-16,12486.73,12507.71,12423.51,12433.16
New Zealand,2020-10-15,12543.61,12545.33,12456.37,12486.73
New Zealand,2020-10-14,12453.85,12543.61,12431.17,12543.61
New Zealand,2020-10-13,12356.89,12454.57,12356.89,12453.85
New Zealand,2020-10-12,12280.54,12356.89,12280.54,12356.89
New Zealand,2020-10-09,12235.92,12312.69,12235.92,12280.54
New Zealand,2020-10-08,12016.15,12235.92,12016.15,12235.92
New Zealand,2020-10-07,11975.02,12016.15,11923.94,12016.15
New Zealand,2020-10-06,11898.26,11992.45,11890.81,11975.02
New Zealand,2020-10-05,11822.84,11898.26,11805.93,11898.26
New Zealand,2020-10-02,11812.73,11863.27,11785.66,11822.84
New Zealand,2020-10-01,11748.61,11828.0,11747.51,11812.73
New Zealand,2020-09-30,11742.09,11773.6,11676.3,11747.28
New Zealand,2020-09-29,11815.86,11876.67,11727.2,11742.09
New Zealand,2020-09-28,11797.08,11802.29,11564.34,11802.29
New Zealand,2020-09-25,11689.89,11797.08,11689.89,11797.08
New Zealand,2020-09-24,11711.48,11711.48,11630.3,11689.89
New Zealand,2020-09-23,11609.22,11716.73,11609.22,11704.62
New Zealand,2020-09-22,11539.1,11615.97,11504.32,11609.22
New Zealand,2020-09-21,11633.52,11663.88,11539.1,11539.1
New Zealand,2020-09-18,11838.95,11873.38,11633.52,11633.52
New Zealand,2020-09-17,11838.95,11873.38,11768.13,11777.13
New Zealand,2020-09-16,11771.29,11849.05,11771.29,11814.71
New Zealand,2020-09-15,11791.82,11848.34,11770.75,11770.75
New Zealand,2020-09-14,11759.78,11799.38,11754.93,11790.54
New Zealand,2020-09-11,11813.78,11813.78,11694.5,11748.03
New Zealand,2020-09-10,11745.89,11884.31,11745.89,11811.78
New Zealand,2020-09-09,11896.36,11896.36,11724.28,11739.11
New Zealand,2020-09-08,11859.45,11944.18,11859.45,11895.63
New Zealand,2020-09-07,11824.94,11861.97,11784.13,11859.45
New Zealand,2020-09-04,12055.93,12055.93,11817.32,11824.31
New Zealand,2020-09-03,11903.79,12055.05,11903.79,12055.05
New Zealand,2020-09-02,11794.59,11902.98,11794.59,11902.98
New Zealand,2020-09-01,11937.56,11978.01,11772.84,11793.16
New Zealand,2020-08-31,12093.52,12114.76,11937.56,11937.56
New Zealand,2020-08-28,12054.75,12093.52,11994.38,12093.52
New Zealand,2020-08-27,12031.51,12074.36,12031.51,12053.43
New Zealand,2020-08-26,12009.15,12031.51,11958.63,12031.51
New Zealand,2020-08-25,11921.07,12003.47,11921.07,11993.18
New Zealand,2020-08-24,11836.52,11926.56,11836.52,11921.07
New Zealand,2020-08-21,11662.16,11837.81,11662.16,11835.94
New Zealand,2020-08-20,11751.29,11777.37,11662.16,11662.16
New Zealand,2020-08-19,11849.13,11854.58,11698.69,11751.29
New Zealand,2020-08-18,11672.95,11899.53,11672.95,11849.13
New Zealand,2020-08-17,11452.14,11672.95,11452.14,11672.95
New Zealand,2020-08-14,11500.82,11523.28,11442.31,11452.14
New Zealand,2020-08-13,11645.32,11575.87,11491.6,11500.82
New Zealand,2020-08-12,11645.32,11645.32,11338.85,11491.91
New Zealand,2020-08-11,11683.44,11710.12,11632.9,11645.32
New Zealand,2020-08-10,11764.59,11780.19,11633.33,11683.44
New Zealand,2020-08-07,11764.59,11780.19,11631.29,11646.68
New Zealand,2020-08-06,11757.72,11779.8,11712.52,11764.59
New Zealand,2020-08-05,11771.72,11783.57,11713.82,11757.72
New Zealand,2020-08-04,11666.09,11794.0,11666.09,11771.72
New Zealand,2020-08-03,11727.63,11727.63,11629.05,11666.09
New Zealand,2020-07-31,11692.74,11727.63,11676.78,11727.63
New Zealand,2020-07-30,11599.44,11692.02,11599.44,11692.02
New Zealand,2020-07-29,11578.27,11627.83,11570.35,11599.44
New Zealand,2020-07-28,11585.62,11687.13,11578.27,11578.27
New Zealand,2020-07-27,11636.26,11636.26,11569.37,11585.62
New Zealand,2020-07-24,11693.41,11695.17,11600.67,11636.26
New Zealand,2020-07-23,11722.97,11757.14,11674.17,11693.41
New Zealand,2020-07-22,11736.73,11803.93,11722.97,11722.97
New Zealand,2020-07-21,11553.16,11746.25,11553.16,11736.73
New Zealand,2020-07-20,11584.05,11651.46,11530.99,11553.16
New Zealand,2020-07-17,11505.06,11600.87,11478.33,11584.05
New Zealand,2020-07-16,11610.52,11683.36,11476.88,11505.06
New Zealand,2020-07-15,11494.14,11613.34,11494.14,11610.52
New Zealand,2020-07-14,11434.79,11496.33,11425.74,11494.14
New Zealand,2020-07-13,11394.86,11491.52,11394.86,11434.79
New Zealand,2020-07-10,11440.88,11501.02,11374.21,11394.86
New Zealand,2020-07-09,11710.05,11710.05,11440.88,11440.88
New Zealand,2020-07-08,11743.73,11815.15,11647.47,11707.27
New Zealand,2020-07-07,11656.21,11761.63,11656.21,11743.73
New Zealand,2020-07-06,11567.31,11663.66,11541.87,11656.21
New Zealand,2020-07-03,11502.52,11639.94,11502.52,11558.7
New Zealand,2020-07-02,11350.27,11506.03,11350.27,11502.52
New Zealand,2020-07-01,11451.05,11488.91,11329.22,11350.27
New Zealand,2020-06-30,11253.41,11460.62,11253.41,11451.05
New Zealand,2020-06-29,11129.23,11252.54,11105.52,11252.54
New Zealand,2020-06-26,11264.52,11264.52,11105.0,11129.23
New Zealand,2020-06-25,11264.52,11264.52,11105.0,11124.36
New Zealand,2020-06-24,11132.58,11268.25,11132.58,11259.41
New Zealand,2020-06-23,11158.46,11259.94,11132.58,11132.58
New Zealand,2020-06-22,11254.74,11261.38,11123.38,11158.46
New Zealand,2020-06-19,11225.28,11297.31,11149.55,11254.74
New Zealand,2020-06-18,11335.35,11335.35,11166.6,11225.28
New Zealand,2020-06-17,10953.85,11334.31,10953.85,11334.31
New Zealand,2020-06-16,10864.12,11003.47,10864.12,10953.85
New Zealand,2020-06-15,10905.94,11043.6,10864.12,10864.12
New Zealand,2020-06-12,11154.93,11154.93,10646.09,10905.94
New Zealand,2020-06-11,11260.85,11260.85,11093.32,11154.93
New Zealand,2020-06-10,11301.67,11337.04,11216.53,11260.52
New Zealand,2020-06-09,11525.45,11590.54,11296.67,11298.69
New Zealand,2020-06-08,11171.66,11524.16,11171.66,11524.16
New Zealand,2020-06-05,11229.9,11278.58,11134.17,11171.66
New Zealand,2020-06-04,11118.27,11295.97,11118.27,11222.8
New Zealand,2020-06-03,11034.17,11142.35,11034.17,11118.27
New Zealand,2020-06-02,10883.18,11034.17,10883.18,11034.17
New Zealand,2020-05-29,10856.69,10931.64,10828.53,10882.41
New Zealand,2020-05-28,11049.19,11109.34,10856.69,10856.69
New Zealand,2020-05-27,10916.4,11057.91,10916.4,11049.19
New Zealand,2020-05-26,10662.63,10935.6,10770.13,10914.74
New Zealand,2020-05-25,10662.63,10803.32,10662.63,10775.8
New Zealand,2020-05-22,10731.55,10790.59,10653.03,10662.63
New Zealand,2020-05-21,10788.06,10840.76,10731.55,10731.55
New Zealand,2020-05-20,10757.94,10915.14,10718.16,10788.06
New Zealand,2020-05-19,10757.94,10915.14,10757.94,10790.14
New Zealand,2020-05-18,10730.68,10819.38,10730.68,10757.94
New Zealand,2020-05-15,10745.16,10820.98,10700.08,10730.68
New Zealand,2020-05-14,10788.91,10807.02,10721.38,10745.16
New Zealand,2020-05-13,10818.67,10818.67,10677.69,10788.03
New Zealand,2020-05-12,10760.29,10819.65,10734.25,10818.67
New Zealand,2020-05-11,10695.59,10764.05,10695.59,10760.29
New Zealand,2020-05-08,10649.23,10702.12,10649.23,10695.59
New Zealand,2020-05-07,10572.84,10649.23,10552.09,10649.23
New Zealand,2020-05-06,10490.73,10594.41,10490.73,10572.84
New Zealand,2020-05-05,10475.98,10553.57,10475.98,10490.73
New Zealand,2020-05-04,10449.01,10475.98,10279.28,10475.98
New Zealand,2020-05-01,10532.07,10596.86,10449.01,10449.01
New Zealand,2020-04-30,10666.19,10760.2,10532.07,10532.07
New Zealand,2020-04-29,10759.56,10787.99,10642.55,10666.19
New Zealand,2020-04-28,10419.48,10759.95,10419.48,10759.56
New Zealand,2020-04-24,10446.11,10487.95,10419.48,10419.48
New Zealand,2020-04-23,10417.67,10623.26,10417.67,10446.11
New Zealand,2020-04-22,10535.87,10535.87,10338.61,10417.67
New Zealand,2020-04-21,10762.67,10762.67,10533.96,10535.87
New Zealand,2020-04-20,10778.72,10889.74,10735.31,10762.67
New Zealand,2020-04-17,10473.19,10821.16,10473.19,10778.72
New Zealand,2020-04-16,10409.94,10558.69,10401.46,10473.19
New Zealand,2020-04-15,10159.02,10491.9,10159.02,10409.94
New Zealand,2020-04-14,9963.9,10180.67,9963.9,10159.02
New Zealand,2020-04-09,10031.66,10120.89,9953.04,9963.9
New Zealand,2020-04-08,9809.85,10031.66,9769.51,10031.66
New Zealand,2020-04-07,9763.82,10040.98,9763.82,9809.85
New Zealand,2020-04-06,9935.18,9935.18,9694.64,9763.82
New Zealand,2020-04-03,9870.56,9964.55,9865.3,9935.18
New Zealand,2020-04-02,9926.08,9926.08,9721.76,9870.56
New Zealand,2020-04-01,9796.75,9948.34,9736.31,9926.08
New Zealand,2020-03-31,9661.19,10021.79,9661.19,9796.75
New Zealand,2020-03-30,9566.89,9661.19,9324.87,9661.19
New Zealand,2020-03-27,9625.43,10002.57,9514.29,9556.73
New Zealand,2020-03-26,9264.38,9691.07,9264.38,9632.47
New Zealand,2020-03-25,9109.15,9723.53,9109.15,9264.38
New Zealand,2020-03-24,8498.7,9109.15,8399.56,9109.15
New Zealand,2020-03-23,9114.53,9224.01,8209.04,8498.7
New Zealand,2020-03-20,9114.53,9224.01,9061.43,9196.42
New Zealand,2020-03-19,9463.98,9222.64,9112.85,9205.84
New Zealand,2020-03-18,9445.83,10018.81,9440.31,9454.89
New Zealand,2020-03-17,9481.21,9566.32,8967.61,9434.42
New Zealand,2020-03-16,9831.27,9831.27,9379.06,9476.94
New Zealand,2020-03-13,10333.27,10333.27,9468.94,9826.86
New Zealand,2020-03-12,10914.78,10914.78,10318.79,10333.27
New Zealand,2020-03-11,10898.22,11196.95,10873.6,10873.6
New Zealand,2020-03-10,11093.14,11093.14,10549.45,10897.47
New Zealand,2020-03-09,11427.62,11427.62,11056.66,11091.81
New Zealand,2020-03-06,11640.89,11640.89,11353.17,11425.9
New Zealand,2020-03-05,11421.48,11720.08,11421.48,11640.89
New Zealand,2020-03-04,11349.02,11420.81,11252.9,11417.78
New Zealand,2020-03-03,11103.43,11515.7,11103.43,11346.31
New Zealand,2020-03-02,11261.16,11261.16,10859.94,11103.43
New Zealand,2020-02-28,11437.17,11437.17,11098.79,11261.16
New Zealand,2020-02-27,11540.45,11610.58,11435.96,11437.17
New Zealand,2020-02-26,11720.45,11720.45,11456.5,11533.86
New Zealand,2020-02-25,12073.34,12073.34,11470.13,11719.23
New Zealand,2020-02-24,12073.34,12073.34,11852.47,11857.12
New Zealand,2020-02-21,12065.92,12107.45,11991.3,12073.34
New Zealand,2020-02-20,11981.03,12071.96,11981.03,12064.86
New Zealand,2020-02-19,11935.84,11993.32,11899.03,11981.03
New Zealand,2020-02-18,11873.98,11938.31,11873.98,11935.84
New Zealand,2020-02-17,11834.83,11885.9,11801.04,11873.98
New Zealand,2020-02-14,11880.84,11880.84,11833.91,11834.83
New Zealand,2020-02-13,11898.24,11929.33,11854.75,11880.84
New Zealand,2020-02-12,11834.54,11914.13,11812.98,11898.24
New Zealand,2020-02-11,11702.59,11836.66,11696.84,11834.54
New Zealand,2020-02-10,11760.88,11760.88,11639.68,11702.59
New Zealand,2020-02-07,11604.89,11784.06,11604.89,11760.88
New Zealand,2020-02-05,11511.49,11618.96,11511.49,11604.08
New Zealand,2020-02-04,11550.16,11579.38,11511.49,11511.49
New Zealand,2020-02-03,11717.44,11717.44,11468.56,11550.16
New Zealand,2020-01-31,11665.65,11717.44,11624.1,11717.44
New Zealand,2020-01-30,11676.51,11723.52,11656.69,11665.65
New Zealand,2020-01-29,11685.11,11759.83,11673.09,11676.51
New Zealand,2020-01-28,11807.14,11807.14,11636.88,11685.11
New Zealand,2020-01-27,11877.81,11877.81,11807.14,11807.14
New Zealand,2020-01-24,11901.11,11904.92,11868.88,11877.81
New Zealand,2020-01-23,11805.14,11910.73,11859.01,11901.11
New Zealand,2020-01-22,11805.14,11895.45,11748.96,11889.68
New Zealand,2020-01-21,11746.95,11805.14,11746.95,11805.14
New Zealand,2020-01-20,11800.21,11807.79,11731.93,11746.95
New Zealand,2020-01-17,11737.86,11802.81,11737.86,11800.21
New Zealand,2020-01-16,11676.67,11753.48,11676.67,11737.86
New Zealand,2020-01-15,11625.13,11693.46,11623.47,11676.67
New Zealand,2020-01-14,11543.67,11630.61,11543.67,11625.13
New Zealand,2020-01-13,11551.7,11570.47,11518.66,11543.67
New Zealand,2020-01-10,11537.68,11606.35,11537.68,11551.7
New Zealand,2020-01-09,11556.98,11603.64,11536.86,11537.68
New Zealand,2020-01-08,11629.86,11629.86,11489.05,11556.98
New Zealand,2020-01-07,11627.32,11631.18,11578.46,11629.86
New Zealand,2020-01-06,11594.28,11627.32,11506.54,11627.32
New Zealand,2020-01-03,11556.45,11593.14,11491.9,11593.14
United States,2021-04-30,43774.66,43919.18,43635.78,43703.56
United States,2021-04-29,44188.2,44204.28,43695.3,44054.28
United States,2021-04-28,43910.91,44031.93,43833.45,43853.43
United States,2021-04-27,43939.24,43953.5,43780.18,43888.83
United States,2021-04-26,43857.89,43959.73,43800.94,43893.23
United States,2021-04-23,43304.73,43876.35,43294.01,43736.0
United States,2021-04-22,43534.55,43710.33,43087.93,43211.42
United States,2021-04-21,42990.57,43559.69,42968.53,43550.95
United States,2021-04-20,43339.19,43401.88,42889.16,43082.47
United States,2021-04-19,43629.32,43678.49,43300.03,43446.6
United States,2021-04-16,43774.03,43795.22,43572.8,43735.05
United States,2021-04-15,43416.44,43633.39,43386.52,43609.98
United States,2021-04-14,43301.76,43466.64,43106.13,43146.17
United States,2021-04-13,43152.62,43355.23,43105.78,43287.74
United States,2021-04-12,43065.55,43168.29,42970.96,43131.45
United States,2021-04-09,42845.4,43145.27,42824.28,43142.13
United States,2021-04-08,42781.73,42861.2,42655.15,42859.61
United States,2021-04-07,42657.83,42724.4,42531.29,42633.1
United States,2021-04-06,42608.95,42802.44,42593.32,42660.32
United States,2021-04-05,42451.96,42694.63,42445.86,42660.13
United States,2021-04-01,41908.51,42143.88,41897.48,42138.34
United States,2021-03-31,41499.71,41830.39,41499.71,41602.65
United States,2021-03-30,41291.22,41481.11,41157.4,41386.65
United States,2021-03-29,41456.84,41583.54,41163.23,41411.96
United States,2021-03-26,41086.51,41637.09,40964.56,41604.09
United States,2021-03-25,40433.86,41039.18,40219.49,40934.15
United States,2021-03-24,41187.66,41345.72,40657.23,40657.23
United States,2021-03-23,41377.46,41466.75,40913.24,41011.38
United States,2021-03-22,41286.82,41643.97,41267.46,41475.25
United States,2021-03-19,41183.37,41413.72,40908.85,41251.19
United States,2021-03-18,41659.46,41884.15,41158.46,41210.9
United States,2021-03-17,41598.21,42050.87,41472.46,41945.87
United States,2021-03-16,42033.35,42045.99,41673.51,41804.0
United States,2021-03-15,41694.87,41974.29,41476.09,41966.28
United States,2021-03-12,41393.11,41678.9,41315.97,41665.73
United States,2021-03-11,41404.36,41767.82,41336.41,41603.79
United States,2021-03-10,41112.91,41256.76,40929.29,41060.42
United States,2021-03-09,40633.39,41074.66,40550.63,40785.52
United States,2021-03-08,40476.09,40777.31,40122.18,40139.84
United States,2021-03-05,40018.0,40445.45,39017.1,40359.08
United States,2021-03-04,40214.52,40458.55,39102.94,39614.97
United States,2021-03-03,40813.15,40925.99,40259.27,40266.55
United States,2021-03-02,41310.94,41315.56,40847.39,40863.51
United States,2021-03-01,40822.76,41388.52,40822.76,41265.84
United States,2021-02-26,40572.56,40755.45,39935.51,40254.06
United States,2021-02-25,41359.35,41501.96,40226.74,40383.44
United States,2021-02-24,40914.02,41519.6,40784.25,41490.07
United States,2021-02-23,40690.9,41158.38,40086.39,41011.26
United States,2021-02-22,41097.71,41338.55,41010.98,41018.7
United States,2021-02-19,41515.38,41641.26,41376.17,41413.61
United States,2021-02-18,41283.82,41453.68,41036.34,41346.77
United States,2021-02-17,41408.77,41615.56,41253.38,41591.17
United States,2021-02-16,41908.49,41919.59,41559.04,41672.04
United States,2021-02-12,41420.14,41754.68,41409.85,41733.23
United States,2021-02-11,41581.97,41646.6,41227.44,41536.07
United States,2021-02-10,41668.79,41695.51,41160.82,41441.66
United States,2021-02-09,41381.92,41545.49,41326.97,41459.99
United States,2021-02-08,41289.55,41459.93,41223.33,41459.82
United States,2021-02-05,41063.39,41120.66,40896.55,41074.0
United States,2021-02-04,40514.49,40848.71,40475.03,40846.25
United States,2021-02-03,40441.63,40525.88,40191.3,40361.37
United States,2021-02-02,40113.14,40451.79,40113.14,40309.71
United States,2021-02-01,39437.17,39812.29,39171.36,39729.11
United States,2021-01-29,39643.15,39721.07,38839.08,39056.49
United States,2021-01-28,39624.54,40201.53,39624.54,39790.95
United States,2021-01-27,40019.31,40031.11,39210.63,39395.33
United States,2021-01-26,40716.76,40750.72,40420.18,40435.26
United States,2021-01-25,40586.98,40672.73,39956.76,40565.56
United States,2021-01-22,40318.86,40542.59,40272.63,40458.32
United States,2021-01-21,40634.55,40634.55,40435.07,40517.07
United States,2021-01-20,40301.12,40623.07,40272.86,40551.83
United States,2021-01-19,40020.25,40084.27,39852.21,40039.29
United States,2021-01-15,39863.59,39927.88,39476.87,39697.42
United States,2021-01-14,40193.81,40289.44,39985.85,40017.75
United States,2021-01-13,40043.8,40201.59,39896.6,40067.51
United States,2021-01-12,39973.11,40083.35,39753.5,40030.23
United States,2021-01-11,39737.84,40094.15,39722.49,39907.45
United States,2021-01-08,40121.6,40167.52,39682.98,40122.82
United States,2021-01-07,39580.9,40009.17,39579.54,39938.7
United States,2021-01-06,38827.66,39667.74,38814.61,39299.82
United States,2021-01-05,38591.65,39074.27,38591.65,38970.56
United States,2021-01-04,39373.61,39380.38,38245.45,38646.4
United States,2020-12-31,39038.56,39257.64,38945.25,39219.62
United States,2020-12-30,39057.33,39164.71,39018.39,39037.62
United States,2020-12-29,39276.99,39303.01,38871.23,38935.62
United States,2020-12-28,39185.13,39192.76,39065.53,39090.96
United States,2020-12-24,38855.96,38894.03,38751.47,38887.44
United States,2020-12-23,38875.99,38991.44,38782.59,38789.62
United States,2020-12-22,38788.18,38843.04,38594.07,38750.1
United States,2020-12-21,38414.25,38811.09,38116.81,38741.41
United States,2020-12-18,39007.22,39023.1,38588.48,38854.83
United States,2020-12-17,38836.69,38947.6,38796.15,38947.55
United States,2020-12-16,38647.27,38750.13,38537.3,38650.25
United States,2020-12-15,38352.04,38603.56,38226.18,38602.35
United States,2020-12-14,38446.79,38581.86,38071.87,38085.78
United States,2020-12-11,38100.06,38229.54,37877.81,38201.7
United States,2020-12-10,37999.49,38332.46,37904.69,38271.49
United States,2020-12-09,38665.02,38693.59,38055.22,38213.66
United States,2020-12-08,38300.23,38634.74,38285.24,38576.35
United States,2020-12-07,38392.08,38469.96,38295.39,38419.62
United States,2020-12-04,38149.14,38454.46,38146.81,38454.3
United States,2020-12-03,38034.12,38221.04,37968.57,38058.13
United States,2020-12-02,37821.94,38032.0,37722.11,38009.72
United States,2020-12-01,37959.38,38121.26,37889.84,37967.7
United States,2020-11-30,37755.31,37778.61,37275.83,37581.62
United States,2020-11-27,37793.15,37841.38,37710.18,37799.36
United States,2020-11-25,37663.0,37713.42,37491.44,37664.73
United States,2020-11-24,37402.05,37747.44,37293.28,37689.39
United States,2020-11-23,37048.01,37213.38,36856.58,37108.09
United States,2020-11-20,36975.69,37016.71,36815.02,36819.46
United States,2020-11-19,36738.61,37042.49,36612.49,37018.95
United States,2020-11-18,37242.55,37333.06,36814.98,36817.21
United States,2020-11-17,37115.39,37328.33,36915.75,37196.86
United States,2020-11-16,37099.4,37298.8,36999.07,37288.44
United States,2020-11-13,36580.25,36909.91,36506.42,36830.0
United States,2020-11-12,36578.94,36669.05,36139.18,36334.56
United States,2020-11-11,36663.73,36766.7,36530.12,36699.62
United States,2020-11-10,36375.9,36523.34,36009.16,36414.89
United States,2020-11-09,37029.25,37426.07,36417.37,36439.86
United States,2020-11-06,36076.99,36167.44,35824.23,36050.46
United States,2020-11-05,35857.96,36215.27,35857.96,36071.16
United States,2020-11-04,35054.86,35759.95,34946.58,35339.61
United States,2020-11-03,34295.12,34792.49,34265.47,34612.51
United States,2020-11-02,33898.58,34159.98,33629.29,33962.43
United States,2020-10-30,33801.54,33942.71,33204.09,33541.92
United States,2020-10-29,33692.35,34294.37,33505.43,34001.6
United States,2020-10-28,34214.3,34241.37,33599.85,33618.19
United States,2020-10-27,34958.01,35001.36,34779.54,34799.18
United States,2020-10-26,35241.25,35309.76,34539.71,34918.18
United States,2020-10-23,35584.31,35589.74,35312.73,35587.9
United States,2020-10-22,35289.74,35521.11,35036.93,35450.68
United States,2020-10-21,35351.42,35562.49,35221.29,35227.23
United States,2020-10-20,35375.79,35688.11,35283.25,35343.82
United States,2020-10-19,35900.39,35964.34,35146.39,35212.38
United States,2020-10-16,35917.48,36078.78,35746.29,35759.58
United States,2020-10-15,35325.7,35836.16,35294.57,35778.99
United States,2020-10-14,36077.5,36209.97,35723.54,35799.78
United States,2020-10-13,36198.68,36200.44,35926.83,36031.93
United States,2020-10-12,35977.4,36364.37,35908.96,36224.12
United States,2020-10-09,35573.48,35754.19,35519.51,35696.38
United States,2020-10-08,35324.05,35395.61,35205.5,35391.94
United States,2020-10-07,34799.4,35174.55,34799.4,35104.71
United States,2020-10-06,34966.76,35224.32,34431.53,34492.15
United States,2020-10-05,34533.02,34934.83,34533.02,34928.13
United States,2020-10-02,33973.37,34484.34,33959.74,34283.4
United States,2020-10-01,34578.09,34672.72,34355.1,34567.89
United States,2020-09-30,34097.92,34615.93,34077.25,34305.78
United States,2020-09-29,34187.69,34266.45,33967.08,34044.38
United States,2020-09-28,34097.12,34289.44,34010.01,34202.2
United States,2020-09-25,32995.59,33715.27,32944.12,33631.59
United States,2020-09-24,32838.18,33424.16,32668.83,33074.37
United States,2020-09-23,33869.03,33913.18,32971.02,33005.83
United States,2020-09-22,33655.37,33882.46,33376.95,33834.81
United States,2020-09-21,33399.57,33509.38,32953.17,33503.78
United States,2020-09-18,34316.67,34339.99,33620.17,33916.43
United States,2020-09-17,34025.44,34425.1,33962.09,34252.51
United States,2020-09-16,34777.14,34989.65,34538.19,34547.98
United States,2020-09-15,34757.23,34845.7,34545.93,34666.0
United States,2020-09-14,34281.5,34596.45,34249.61,34472.92
United States,2020-09-11,34159.43,34241.31,33638.16,33949.24
United States,2020-09-10,34725.9,34837.16,33862.95,33957.0
United States,2020-09-09,34292.35,34767.69,34211.32,34527.94
United States,2020-09-08,34136.23,34352.77,33829.93,33848.56
United States,2020-09-04,35172.27,35391.62,34020.27,34848.03
United States,2020-09-03,36185.72,36228.02,34875.05,35138.18
United States,2020-09-02,36129.07,36498.93,35957.25,36434.12
United States,2020-09-01,35716.47,35948.26,35599.44,35940.29
United States,2020-08-31,35725.35,35808.39,35574.14,35661.56
United States,2020-08-28,35624.49,35730.45,35495.57,35720.4
United States,2020-08-27,35489.29,35650.94,35303.94,35479.64
United States,2020-08-26,35152.86,35434.17,35093.19,35403.5
United States,2020-08-25,35021.24,35081.68,34881.85,35078.17
United States,2020-08-24,34904.45,34964.06,34768.75,34957.74
United States,2020-08-21,34542.19,34655.55,34483.5,34626.02
United States,2020-08-20,34240.45,34599.85,34221.54,34543.22
United States,2020-08-19,34622.45,34697.41,34394.25,34444.28
United States,2020-08-18,34622.47,34660.78,34405.56,34593.1
United States,2020-08-17,34523.52,34583.75,34491.54,34548.01
United States,2020-08-14,34360.25,34475.6,34303.14,34408.67
United States,2020-08-13,34393.79,34572.29,34319.28,34422.43
United States,2020-08-12,34301.58,34535.93,34301.58,34467.13
United States,2020-08-11,34430.66,34504.93,33937.65,34007.95
United States,2020-08-10,34260.05,34311.87,34040.24,34277.41
United States,2020-08-07,34061.27,34207.72,33947.14,34194.1
United States,2020-08-06,33932.38,34179.81,33876.27,34158.02
United States,2020-08-05,33899.38,34007.59,33886.37,33987.45
United States,2020-08-04,33563.07,33735.54,33527.7,33734.57
United States,2020-08-03,33523.29,33684.06,33456.29,33609.09
United States,2020-07-31,33355.16,33355.16,32810.15,33323.8
United States,2020-07-30,32912.31,33195.0,32707.97,33141.9
United States,2020-07-29,32947.48,33317.35,32945.96,33257.02
United States,2020-07-28,32968.28,33074.82,32784.97,32804.16
United States,2020-07-27,32815.45,33056.32,32750.86,33040.36
United States,2020-07-24,32772.04,32908.64,32611.64,32761.21
United States,2020-07-23,33360.84,33464.22,32848.51,33005.55
United States,2020-07-22,33170.97,33416.32,33164.11,33387.86
United States,2020-07-21,33340.53,33414.27,33107.77,33200.9
United States,2020-07-20,32862.11,33193.68,32772.31,33132.24
United States,2020-07-17,32847.28,32942.2,32654.96,32859.69
United States,2020-07-16,32638.44,32794.82,32575.08,32747.2
United States,2020-07-15,32867.11,32958.84,32572.16,32874.73
United States,2020-07-14,31909.68,32517.06,31779.79,32491.4
United States,2020-07-13,32683.17,32936.34,32005.22,32051.64
United States,2020-07-10,32065.5,32423.38,31902.58,32408.34
United States,2020-07-09,32337.15,32361.53,31678.43,32058.03
United States,2020-07-08,32104.59,32285.2,31906.95,32262.1
United States,2020-07-07,32183.59,32410.05,31974.88,31995.87
United States,2020-07-06,32307.43,32426.91,32210.79,32357.45
United States,2020-07-02,32110.98,32244.51,31803.71,31859.2
United States,2020-07-01,31656.31,31843.52,31563.12,31714.07
United States,2020-06-30,31053.95,31681.9,31038.7,31576.79
United States,2020-06-29,30767.27,31094.39,30523.07,31093.8
United States,2020-06-26,31257.62,31267.73,30582.88,30620.42
United States,2020-06-25,30934.22,31395.19,30742.08,31373.25
United States,2020-06-24,31630.34,31687.0,30802.61,31008.58
United States,2020-06-23,32013.78,32098.63,31822.41,31864.58
United States,2020-06-22,31476.4,31769.27,31331.06,31738.05
United States,2020-06-19,32108.46,32108.46,31377.41,31534.06
United States,2020-06-18,31508.11,31772.85,31480.23,31704.37
United States,2020-06-17,31944.13,31966.7,31625.46,31678.72
United States,2020-06-16,32111.66,32127.88,31321.09,31822.67
United States,2020-06-15,30220.28,31355.62,30119.34,31228.39
United States,2020-06-12,31325.22,31406.77,30304.05,30911.92
United States,2020-06-11,31534.51,31664.59,30457.32,30484.44
United States,2020-06-10,32737.02,32791.79,32339.34,32437.11
United States,2020-06-09,32619.73,32833.82,32515.2,32665.6
United States,2020-06-08,32661.67,32986.91,32606.37,32981.16
United States,2020-06-05,32349.58,32749.71,32349.58,32538.05
United States,2020-06-04,31659.2,31863.74,31468.32,31699.35
United States,2020-06-03,31569.63,31882.97,31550.64,31804.65
United States,2020-06-02,31193.07,31333.64,31033.79,31332.99
United States,2020-06-01,30856.14,31156.92,30806.55,31073.88
United States,2020-05-29,30685.51,30955.14,30462.39,30910.1
United States,2020-05-28,31012.94,31186.68,30701.18,30768.79
United States,2020-05-27,30715.84,30888.0,30153.14,30888.0
United States,2020-05-26,30687.55,30689.91,30367.52,30404.2
United States,2020-05-22,29904.94,29996.53,29744.53,29985.34
United States,2020-05-21,30061.29,30173.28,29759.16,29896.76
United States,2020-05-20,29968.62,30185.23,29943.27,30094.41
United States,2020-05-19,29825.64,30016.48,29568.34,29570.86
United States,2020-05-18,29616.61,30027.09,29616.61,29889.29
United States,2020-05-15,28497.82,28915.67,28398.28,28903.31
United States,2020-05-14,28113.21,28763.61,27836.53,28760.56
United States,2020-05-13,28957.33,29018.96,28170.01,28441.92
United States,2020-05-12,29779.17,29826.32,29011.98,29011.98
United States,2020-05-11,29418.76,29818.85,29388.09,29663.42
United States,2020-05-08,29486.65,29686.39,29354.44,29670.79
United States,2020-05-07,29128.66,29329.68,29063.38,29121.73
United States,2020-05-06,29118.8,29173.56,28752.34,28752.34
United States,2020-05-05,29008.93,29261.53,28884.01,28937.6
United States,2020-05-04,28315.28,28679.79,28191.24,28670.31
United States,2020-05-01,28823.4,28912.54,28422.29,28539.1
United States,2020-04-30,29542.97,29603.5,29230.74,29396.7
United States,2020-04-29,29538.24,29908.58,29427.16,29755.6
United States,2020-04-28,29452.6,29488.91,28868.12,28914.43
United States,2020-04-27,28740.77,29116.11,28698.29,29022.02
United States,2020-04-24,28289.34,28574.65,28048.87,28507.11
United States,2020-04-23,28211.37,28577.07,28069.64,28110.29
United States,2020-04-22,28048.68,28235.49,27864.26,28093.45
United States,2020-04-21,27835.45,27963.45,27367.84,27478.69
United States,2020-04-20,28393.15,28803.58,28302.75,28346.72
United States,2020-04-17,28650.09,28887.74,28412.93,28840.28
United States,2020-04-16,28064.06,28101.06,27680.97,28036.39
United States,2020-04-15,27902.92,28091.59,27687.93,27902.69
United States,2020-04-14,28328.43,28625.18,28205.01,28574.11
United States,2020-04-13,27965.87,27969.45,27338.26,27747.18
United States,2020-04-09,27951.09,28358.46,27776.98,28075.87
United States,2020-04-08,26952.39,27689.87,26691.54,27586.42
United States,2020-04-07,27555.84,27591.65,26619.99,26633.07
United States,2020-04-06,25849.88,26764.49,25762.94,26645.86
United States,2020-04-03,25177.63,25384.94,24574.28,24860.74
United States,2020-04-02,24630.1,25408.91,24620.53,25286.96
United States,2020-04-01,25000.2,25320.92,24550.72,24774.57
United States,2020-03-31,26269.7,26525.75,25814.95,25984.75
United States,2020-03-30,25795.66,26431.57,25563.86,26386.76
United States,2020-03-27,25580.84,26314.3,25348.42,25585.47
United States,2020-03-26,25198.04,26536.78,25192.1,26476.65
United States,2020-03-25,24727.52,25892.65,24220.88,24931.33
United States,2020-03-24,23606.36,24606.0,23606.36,24589.35
United States,2020-03-23,22893.59,23055.9,21961.48,22462.76
United States,2020-03-20,24376.13,24616.15,23024.68,23105.3
United States,2020-03-19,23725.07,24643.96,23067.29,24116.65
United States,2020-03-18,24177.4,24506.5,22691.97,23829.82
United States,2020-03-17,24368.53,25544.37,23664.06,25309.67
United States,2020-03-16,25261.97,25705.58,23875.42,23920.77
United States,2020-03-13,26127.11,27287.53,25092.35,27288.33
United States,2020-03-12,26075.03,26814.05,25028.46,25042.56
United States,2020-03-11,28510.65,28555.45,27382.21,27723.91
United States,2020-03-10,28732.42,29210.81,27721.27,29210.74
United States,2020-03-09,28609.64,28845.5,27775.96,27892.58
United States,2020-03-06,30015.62,30396.82,29565.16,30275.44
United States,2020-03-05,31219.62,31414.18,30572.84,30826.8
United States,2020-03-04,31152.33,31907.22,30971.76,31903.9
United States,2020-03-03,31571.78,31991.06,30386.61,30665.89
United States,2020-03-02,30447.62,31519.96,30084.82,31517.22
United States,2020-02-28,29635.87,30270.29,29231.08,30203.72
United States,2020-02-27,31227.5,31670.79,30468.67,30472.84
United States,2020-02-26,32152.16,32543.16,31783.89,31850.29
United States,2020-02-25,33175.57,33244.17,31935.14,32022.15
United States,2020-02-24,33217.88,33354.97,32910.87,33040.01
United States,2020-02-21,34399.89,34409.12,34075.97,34167.21
United States,2020-02-20,34571.88,34684.66,34198.73,34533.21
United States,2020-02-19,34580.9,34712.51,34563.34,34631.28
United States,2020-02-18,34435.64,34510.04,34309.05,34463.28
United States,2020-02-17,34547.36,34547.36,34547.36,34547.36
United States,2020-02-14,34532.65,34560.82,34411.74,34547.36
United States,2020-02-13,34355.11,34595.0,34327.06,34489.6
United States,2020-02-12,34451.44,34536.11,34411.56,34518.37
United States,2020-02-11,34361.31,34472.79,34250.02,34299.11
United States,2020-02-10,33883.16,34215.55,33883.16,34215.06
United States,2020-02-07,34056.93,34104.15,33908.1,33966.22
United States,2020-02-06,34192.67,34203.23,34076.39,34168.69
United States,2020-02-05,34032.54,34110.52,33877.4,34081.71
United States,2020-02-04,33584.52,33842.37,33583.96,33741.36
United States,2020-02-03,33085.15,33403.55,33085.15,33227.7
United States,2020-01-31,33483.84,33492.57,32859.48,32957.52
United States,2020-01-30,33251.86,33568.97,33141.74,33549.61
United States,2020-01-29,33631.27,33651.39,33439.19,33452.3
United States,2020-01-28,33309.9,33584.23,33266.29,33490.92
United States,2020-01-27,33109.53,33310.6,33050.99,33160.16
United States,2020-01-24,34065.62,34070.66,33525.03,33672.96
United States,2020-01-23,33892.55,34010.44,33742.51,33990.66
United States,2020-01-22,34046.42,34121.4,33932.51,33953.52
United States,2020-01-21,33940.54,34033.54,33897.28,33938.7
United States,2020-01-17,34017.33,34038.75,33943.47,34035.89
United States,2020-01-16,33788.95,33938.51,33788.95,33937.32
United States,2020-01-15,33559.51,33747.07,33551.34,33641.03
United States,2020-01-14,33574.06,33695.54,33509.85,33576.37
United States,2020-01-13,33428.09,33603.05,33383.65,33603.04
United States,2020-01-10,33525.85,33534.01,33314.47,33359.66
United States,2020-01-09,33405.23,33469.97,33349.15,33454.54
United States,2020-01-08,33104.73,33390.83,33092.91,33251.94
United States,2020-01-07,33136.18,33171.95,33043.73,33097.13
United States,2020-01-06,32873.56,33186.57,32861.94,33183.17
United States,2020-01-03,32946.89,33178.14,32928.98,33072.84
United States,2020-01-02,33189.8,33283.73,33051.72,33282.12
China,2021-04-30,3468.3,3469.09,3426.9,3446.86
China,2021-04-29,3458.08,3478.23,3447.59,3474.9
China,2021-04-28,3432.16,3457.07,3423.32,3457.07
China,2021-04-27,3440.09,3443.85,3417.26,3442.61
China,2021-04-26,3484.11,3497.12,3438.57,3441.17
China,2021-04-23,3462.09,3482.36,3456.33,3474.17
China,2021-04-22,3482.83,3485.36,3456.32,3465.11
China,2021-04-21,3456.3,3481.25,3450.11,3472.93
China,2021-04-20,3467.15,3494.3,3463.46,3472.94
China,2021-04-19,3427.55,3479.01,3414.36,3477.55
China,2021-04-16,3426.62,3432.63,3394.13,3426.62
China,2021-04-15,3409.61,3409.61,3373.09,3398.99
China,2021-04-14,3397.02,3420.03,3392.97,3416.72
China,2021-04-13,3411.29,3425.39,3387.9,3396.47
China,2021-04-12,3445.97,3456.16,3403.9,3412.95
China,2021-04-09,3450.68,3475.45,3442.14,3450.68
China,2021-04-08,3467.49,3495.91,3459.32,3482.55
China,2021-04-07,3483.42,3483.42,3453.19,3479.63
China,2021-04-06,3491.63,3493.28,3471.76,3482.97
China,2021-04-02,3472.63,3487.59,3462.83,3484.39
China,2021-04-01,3444.81,3470.03,3438.83,3466.33
China,2021-03-31,3452.21,3452.21,3420.83,3441.91
China,2021-03-30,3432.53,3457.63,3423.32,3456.68
China,2021-03-29,3429.63,3449.83,3409.89,3435.3
China,2021-03-26,3373.32,3423.22,3373.32,3418.33
China,2021-03-25,3355.07,3382.23,3344.97,3363.59
China,2021-03-24,3394.13,3415.3,3362.18,3367.06
China,2021-03-23,3445.34,3445.42,3390.05,3411.51
China,2021-03-22,3406.12,3443.66,3404.23,3443.44
China,2021-03-19,3423.87,3439.52,3389.29,3404.66
China,2021-03-18,3449.64,3478.14,3449.38,3463.07
China,2021-03-17,3435.73,3454.06,3410.28,3445.55
China,2021-03-16,3424.65,3448.88,3406.17,3446.73
China,2021-03-15,3441.88,3457.49,3392.51,3419.95
China,2021-03-12,3447.2,3454.51,3417.24,3453.08
China,2021-03-11,3369.9,3436.83,3369.9,3436.83
China,2021-03-10,3389.84,3397.03,3354.82,3357.74
China,2021-03-09,3415.34,3429.15,3328.31,3359.29
China,2021-03-08,3524.98,3542.3,3421.22,3421.41
China,2021-03-05,3463.31,3523.57,3456.67,3501.99
China,2021-03-04,3546.64,3552.2,3487.38,3503.49
China,2021-03-03,3500.16,3577.62,3498.72,3576.9
China,2021-03-02,3566.85,3566.85,3485.36,3508.59
China,2021-03-01,3531.48,3552.57,3511.99,3551.4
China,2021-02-26,3514.56,3550.41,3500.7,3509.08
China,2021-02-25,3595.54,3608.56,3568.47,3585.05
China,2021-02-24,3638.94,3645.65,3531.59,3564.08
China,2021-02-23,3617.7,3672.15,3617.7,3636.36
China,2021-02-22,3707.19,3717.27,3642.44,3642.44
China,2021-02-19,3661.78,3699.65,3634.01,3696.17
China,2021-02-18,3721.09,3731.69,3663.66,3675.36
China,2021-02-10,3612.61,3662.77,3612.51,3655.09
China,2021-02-09,3539.77,3604.01,3528.68,3603.49
China,2021-02-08,3504.56,3542.21,3492.13,3532.45
China,2021-02-05,3509.49,3536.54,3492.96,3496.33
China,2021-02-04,3503.78,3524.72,3465.77,3501.86
China,2021-02-03,3531.15,3544.01,3508.51,3517.31
China,2021-02-02,3510.81,3535.5,3495.57,3533.68
China,2021-02-01,3477.17,3506.39,3469.88,3505.28
China,2021-01-29,3521.72,3531.6,3446.55,3483.07
China,2021-01-28,3534.67,3549.54,3496.88,3505.18
China,2021-01-27,3567.55,3578.8,3546.49,3573.34
China,2021-01-26,3610.97,3610.97,3564.74,3569.43
China,2021-01-25,3605.36,3637.1,3591.02,3624.24
China,2021-01-22,3616.54,3616.54,3585.03,3606.75
China,2021-01-21,3590.92,3636.24,3585.8,3621.26
China,2021-01-20,3564.12,3589.96,3556.44,3583.09
China,2021-01-19,3596.36,3603.15,3553.02,3566.38
China,2021-01-18,3554.8,3608.77,3544.26,3596.22
China,2021-01-15,3566.28,3589.27,3533.79,3566.38
China,2021-01-14,3584.93,3599.06,3559.6,3565.9
China,2021-01-13,3613.28,3622.35,3575.59,3598.65
China,2021-01-12,3518.01,3608.34,3517.47,3608.34
China,2021-01-11,3571.32,3597.7,3516.99,3531.5
China,2021-01-08,3577.69,3588.06,3544.89,3570.11
China,2021-01-07,3552.91,3576.2,3526.62,3576.2
China,2021-01-06,3530.91,3556.8,3513.13,3550.88
China,2021-01-05,3492.19,3528.68,3484.72,3528.68
China,2021-01-04,3474.68,3511.66,3457.21,3502.96
China,2020-12-31,3419.73,3474.92,3419.73,3473.07
China,2020-12-30,3375.01,3414.45,3374.42,3414.45
China,2020-12-29,3399.29,3407.09,3376.09,3379.04
China,2020-12-28,3396.36,3412.52,3383.65,3397.29
China,2020-12-25,3351.79,3397.01,3348.35,3396.56
China,2020-12-24,3382.19,3394.07,3354.02,3363.11
China,2020-12-23,3362.47,3394.21,3360.2,3382.32
China,2020-12-22,3410.97,3415.75,3353.86,3356.78
China,2020-12-21,3394.39,3423.61,3381.12,3420.57
China,2020-12-18,3400.49,3413.81,3382.75,3394.9
China,2020-12-17,3367.28,3406.15,3354.01,3404.87
China,2020-12-16,3371.26,3378.66,3359.17,3366.98
China,2020-12-15,3366.58,3373.56,3348.42,3367.23
China,2020-12-14,3349.53,3371.13,3338.63,3369.12
China,2020-12-11,3381.01,3383.18,3325.17,3347.19
China,2020-12-10,3365.73,3384.89,3357.75,3373.28
China,2020-12-09,3416.08,3422.54,3371.92,3371.96
China,2020-12-08,3417.69,3428.66,3403.03,3410.18
China,2020-12-07,3446.65,3449.58,3414.31,3416.6
China,2020-12-04,3436.73,3448.4,3417.05,3444.58
China,2020-12-03,3448.54,3452.16,3428.8,3442.14
China,2020-12-02,3453.52,3465.73,3435.87,3449.38
China,2020-12-01,3388.99,3457.64,3386.91,3451.94
China,2020-11-30,3418.16,3456.74,3391.76,3391.76
China,2020-11-27,3373.84,3408.31,3364.49,3408.31
China,2020-11-26,3360.06,3371.45,3344.28,3369.73
China,2020-11-25,3417.51,3423.49,3362.33,3362.33
China,2020-11-24,3407.41,3413.93,3396.24,3402.82
China,2020-11-23,3384.1,3431.65,3377.99,3414.49
China,2020-11-20,3359.6,3380.15,3356.31,3377.73
China,2020-11-19,3339.09,3367.33,3330.45,3363.09
China,2020-11-18,3337.33,3358.89,3333.99,3347.3
China,2020-11-17,3347.15,3347.7,3323.95,3339.89
China,2020-11-16,3325.62,3346.97,3313.65,3346.97
China,2020-11-13,3327.23,3327.23,3291.64,3310.1
China,2020-11-12,3344.46,3350.28,3329.49,3338.68
China,2020-11-11,3354.02,3365.84,3339.04,3342.2
China,2020-11-10,3387.62,3387.62,3346.17,3360.15
China,2020-11-09,3329.43,3380.82,3329.43,3373.73
China,2020-11-06,3326.46,3326.46,3292.15,3312.16
China,2020-11-05,3305.58,3320.41,3291.6,3320.13
China,2020-11-04,3273.43,3286.62,3254.11,3277.44
China,2020-11-03,3239.81,3278.38,3237.85,3271.07
China,2020-11-02,3228.72,3242.8,3209.91,3225.12
China,2020-10-30,3278.63,3279.86,3219.42,3224.53
China,2020-10-29,3235.76,3289.77,3231.12,3272.73
China,2020-10-28,3256.22,3275.87,3238.38,3269.24
China,2020-10-27,3240.74,3258.34,3235.54,3254.32
China,2020-10-26,3258.7,3264.45,3226.6,3251.12
China,2020-10-23,3308.16,3326.05,3276.62,3278.0
China,2020-10-22,3315.82,3320.88,3281.37,3312.5
China,2020-10-21,3332.15,3332.15,3304.17,3325.02
China,2020-10-20,3307.15,3328.1,3293.77,3328.1
China,2020-10-19,3351.1,3371.09,3307.84,3312.67
China,2020-10-16,3334.46,3348.95,3319.11,3336.36
China,2020-10-15,3342.92,3354.58,3330.0,3332.18
China,2020-10-14,3353.62,3353.62,3332.96,3340.78
China,2020-10-13,3353.12,3361.83,3334.5,3359.75
China,2020-10-12,3287.33,3359.15,3286.11,3358.47
China,2020-10-09,3262.61,3280.51,3260.19,3272.08
China,2020-09-30,3232.71,3244.91,3202.34,3218.05
China,2020-09-29,3231.86,3242.79,3219.79,3224.36
China,2020-09-28,3224.98,3238.18,3210.89,3217.53
China,2020-09-25,3234.37,3239.47,3208.03,3219.42
China,2020-09-24,3262.88,3265.35,3221.24,3223.18
China,2020-09-23,3278.84,3289.76,3264.89,3279.71
China,2020-09-22,3290.67,3320.23,3265.7,3274.3
China,2020-09-21,3348.9,3350.59,3313.07,3316.94
China,2020-09-18,3270.91,3338.32,3268.53,3338.09
China,2020-09-17,3277.32,3290.41,3248.5,3270.43
China,2020-09-16,3293.17,3302.46,3271.07,3283.92
China,2020-09-15,3277.13,3297.69,3263.75,3295.68
China,2020-09-14,3275.92,3283.53,3261.15,3278.81
China,2020-09-11,3225.78,3262.5,3220.54,3260.35
China,2020-09-10,3282.23,3285.47,3227.64,3234.82
China,2020-09-09,3281.0,3289.61,3238.56,3254.63
China,2020-09-08,3301.22,3324.39,3276.44,3316.42
China,2020-09-07,3349.92,3368.24,3285.63,3292.59
China,2020-09-04,3336.41,3360.11,3328.55,3355.37
China,2020-09-03,3404.03,3425.63,3374.26,3384.98
China,2020-09-02,3420.47,3421.4,3377.21,3404.8
China,2020-09-01,3389.74,3410.61,3381.71,3410.61
China,2020-08-31,3416.55,3442.74,3395.47,3395.68
China,2020-08-28,3346.29,3405.88,3339.65,3403.81
China,2020-08-27,3333.49,3351.83,3312.99,3350.11
China,2020-08-26,3371.81,3382.6,3320.14,3329.74
China,2020-08-25,3392.88,3408.87,3364.16,3373.58
China,2020-08-24,3391.11,3396.57,3368.03,3385.64
China,2020-08-21,3380.23,3393.92,3358.0,3380.68
China,2020-08-20,3385.96,3394.56,3352.78,3363.9
China,2020-08-19,3444.56,3454.46,3406.16,3408.13
China,2020-08-18,3441.93,3456.72,3432.64,3451.09
China,2020-08-17,3438.8,3450.9,3369.37,3438.8
China,2020-08-14,3315.67,3362.03,3302.74,3360.1
China,2020-08-13,3328.18,3338.15,3309.46,3320.73
China,2020-08-12,3327.49,3335.73,3263.27,3319.27
China,2020-08-11,3379.49,3409.06,3336.09,3340.29
China,2020-08-10,3341.53,3399.93,3335.04,3379.25
China,2020-08-07,3370.59,3374.13,3307.71,3354.04
China,2020-08-06,3380.76,3392.7,3334.33,3386.46
China,2020-08-05,3363.33,3383.64,3333.88,3377.56
China,2020-08-04,3376.44,3391.07,3352.5,3371.69
China,2020-08-03,3367.97,3368.1,3327.68,3367.97
China,2020-07-31,3280.8,3333.79,3261.61,3310.01
China,2020-07-30,3299.57,3312.45,3282.16,3286.82
China,2020-07-29,3221.99,3294.55,3209.99,3294.55
China,2020-07-28,3226.13,3245.3,3208.49,3227.96
China,2020-07-27,3210.39,3221.98,3174.66,3205.23
China,2020-07-24,3310.64,3319.13,3184.96,3196.77
China,2020-07-23,3306.15,3336.3,3257.83,3325.11
China,2020-07-22,3315.18,3381.98,3311.79,3333.16
China,2020-07-21,3330.55,3336.68,3300.57,3320.89
China,2020-07-20,3243.91,3314.15,3220.68,3314.15
China,2020-07-17,3214.4,3252.78,3181.27,3214.13
China,2020-07-16,3356.36,3373.53,3209.73,3210.1
China,2020-07-15,3422.08,3432.45,3345.75,3361.3
China,2020-07-14,3435.02,3451.22,3366.08,3414.62
China,2020-07-13,3379.39,3458.79,3369.04,3443.29
China,2020-07-10,3418.93,3433.11,3372.51,3383.32
China,2020-07-09,3403.48,3456.97,3393.64,3450.59
China,2020-07-08,3337.55,3421.53,3327.71,3403.44
China,2020-07-07,3380.95,3407.08,3336.24,3345.34
China,2020-07-06,3187.84,3337.27,3187.84,3332.88
China,2020-07-03,3103.99,3152.81,3103.99,3152.81
China,2020-07-02,3023.72,3092.44,3021.67,3090.57
China,2020-07-01,2991.18,3026.19,2984.98,3025.98
China,2020-06-30,2965.11,2990.83,2965.11,2984.67
China,2020-06-29,2973.08,2977.91,2951.77,2961.52
China,2020-06-24,2972.98,2982.94,2971.22,2979.55
China,2020-06-23,2960.89,2972.4,2949.85,2970.62
China,2020-06-22,2966.9,2983.44,2959.03,2965.27
China,2020-06-19,2938.79,2973.32,2935.82,2967.63
China,2020-06-18,2929.88,2942.9,2920.11,2939.32
China,2020-06-17,2932.67,2936.62,2919.04,2935.87
China,2020-06-16,2912.83,2931.78,2909.13,2931.75
China,2020-06-15,2908.28,2922.54,2890.03,2890.03
China,2020-06-12,2876.8,2930.26,2872.62,2919.74
China,2020-06-11,2939.79,2952.65,2912.19,2920.9
China,2020-06-10,2951.28,2951.33,2934.84,2943.75
China,2020-06-09,2939.54,2957.12,2932.94,2956.11
China,2020-06-08,2941.98,2950.07,2934.21,2937.77
China,2020-06-05,2923.19,2930.8,2909.12,2930.8
China,2020-06-04,2931.84,2932.97,2910.75,2919.25
China,2020-06-03,2930.39,2942.76,2922.66,2923.37
China,2020-06-02,2916.32,2926.36,2909.13,2921.4
China,2020-06-01,2871.96,2917.15,2871.96,2915.43
China,2020-05-29,2835.58,2855.38,2829.63,2852.35
China,2020-05-28,2838.21,2861.92,2820.15,2846.22
China,2020-05-27,2847.32,2849.0,2831.93,2836.8
China,2020-05-26,2827.9,2848.34,2825.9,2846.55
China,2020-05-25,2816.24,2821.5,2802.47,2817.97
China,2020-05-22,2863.05,2863.05,2808.02,2813.77
China,2020-05-21,2890.72,2891.52,2864.21,2867.92
China,2020-05-20,2896.47,2896.47,2876.18,2883.74
China,2020-05-19,2897.69,2900.22,2887.58,2898.58
China,2020-05-18,2872.52,2889.98,2862.27,2875.42
China,2020-05-15,2880.71,2884.22,2863.37,2868.46
China,2020-05-14,2887.06,2887.06,2869.18,2870.34
China,2020-05-13,2882.95,2900.26,2875.54,2898.05
China,2020-05-12,2894.62,2897.9,2871.23,2891.56
China,2020-05-11,2901.57,2914.28,2884.38,2894.8
China,2020-05-08,2882.71,2903.8,2879.2,2895.34
China,2020-05-07,2876.47,2882.02,2864.58,2871.52
China,2020-05-06,2831.63,2879.26,2830.65,2878.14
China,2020-04-30,2832.38,2865.59,2832.38,2860.08
China,2020-04-29,2801.38,2831.76,2800.74,2822.44
China,2020-04-28,2819.99,2821.74,2758.25,2810.02
China,2020-04-27,2812.24,2832.67,2802.96,2815.49
China,2020-04-24,2834.94,2834.94,2802.5,2808.53
China,2020-04-23,2850.51,2853.64,2835.9,2838.5
China,2020-04-22,2814.07,2843.98,2808.48,2843.98
China,2020-04-21,2842.24,2842.24,2808.02,2827.01
China,2020-04-20,2840.41,2852.99,2833.26,2852.55
China,2020-04-17,2835.56,2854.96,2830.02,2838.49
China,2020-04-16,2798.43,2823.34,2796.84,2819.93
China,2020-04-15,2826.66,2829.75,2808.7,2811.17
China,2020-04-14,2794.8,2827.3,2789.43,2827.28
China,2020-04-13,2784.6,2792.89,2774.08,2783.05
China,2020-04-10,2827.19,2833.01,2789.98,2796.63
China,2020-04-09,2825.84,2832.39,2820.43,2825.9
China,2020-04-08,2805.92,2823.21,2800.3,2815.37
China,2020-04-07,2806.97,2823.28,2801.84,2820.76
China,2020-04-03,2773.58,2780.59,2754.07,2763.99
China,2020-04-02,2720.23,2780.64,2719.9,2780.64
China,2020-04-01,2743.54,2773.36,2731.08,2734.52
China,2020-03-31,2767.31,2771.17,2743.12,2750.3
China,2020-03-30,2739.72,2759.1,2723.05,2747.21
China,2020-03-27,2792.98,2805.55,2771.76,2772.2
China,2020-03-26,2761.9,2788.5,2753.43,2764.91
China,2020-03-25,2775.3,2788.64,2757.8,2781.59
China,2020-03-24,2703.02,2723.41,2667.13,2722.44
China,2020-03-23,2677.59,2703.33,2656.5,2660.17
China,2020-03-20,2745.62,2751.9,2702.49,2745.62
China,2020-03-19,2719.41,2736.82,2646.8,2702.13
China,2020-03-18,2792.32,2815.87,2728.76,2728.76
China,2020-03-17,2796.28,2826.91,2715.22,2779.64
China,2020-03-16,2897.3,2898.03,2784.66,2789.25
China,2020-03-13,2804.23,2910.88,2799.98,2887.43
China,2020-03-12,2936.02,2944.47,2906.28,2923.49
China,2020-03-11,3001.76,3010.03,2968.52,2968.52
China,2020-03-10,2918.93,3000.3,2904.8,2996.76
China,2020-03-09,2943.29,2989.2,2940.71,2943.29
China,2020-03-06,3039.94,3052.44,3029.46,3034.51
China,2020-03-05,3036.15,3074.26,3022.93,3071.68
China,2020-03-04,2981.81,3012.0,2974.36,3011.67
China,2020-03-03,3006.89,3026.84,2976.62,2992.9
China,2020-03-02,2899.31,2982.51,2899.31,2970.93
China,2020-02-28,2924.64,2948.13,2878.54,2880.3
China,2020-02-27,2992.49,3009.46,2980.48,2991.33
China,2020-02-26,2978.42,3028.78,2974.94,2987.93
China,2020-02-25,2982.07,3016.95,2943.72,3013.05
China,2020-02-24,3027.89,3042.18,3007.36,3031.23
China,2020-02-21,3022.25,3058.9,3020.14,3039.67
China,2020-02-20,2981.88,3031.37,2968.45,3030.15
China,2020-02-19,2979.52,2998.27,2971.82,2975.4
China,2020-02-18,2981.41,2990.6,2960.78,2984.97
China,2020-02-17,2924.99,2983.64,2924.99,2983.62
China,2020-02-14,2899.87,2926.94,2899.57,2917.01
China,2020-02-13,2927.14,2935.41,2901.24,2906.07
China,2020-02-12,2895.56,2926.9,2892.42,2926.9
China,2020-02-11,2894.54,2913.82,2882.24,2901.67
China,2020-02-10,2860.5,2891.85,2851.05,2890.49
China,2020-02-07,2858.93,2875.96,2838.77,2875.96
China,2020-02-06,2826.89,2876.59,2807.61,2866.51
China,2020-02-05,2792.37,2842.74,2778.86,2818.09
China,2020-02-04,2685.27,2786.16,2685.27,2783.29
China,2020-02-03,2716.7,2766.58,2716.7,2746.61
China,2020-01-23,3037.95,3045.04,2955.35,2976.53
China,2020-01-22,3038.49,3069.25,3006.27,3060.75
China,2020-01-21,3085.79,3085.79,3051.23,3052.14
China,2020-01-20,3082.11,3096.31,3070.48,3095.79
China,2020-01-17,3081.46,3091.95,3067.25,3075.5
China,2020-01-16,3095.73,3096.37,3070.88,3074.08
China,2020-01-15,3103.17,3107.94,3082.04,3090.04
China,2020-01-14,3120.67,3127.17,3105.61,3106.82
China,2020-01-13,3091.49,3115.57,3075.38,3115.57
China,2020-01-10,3102.29,3105.22,3081.4,3092.29
China,2020-01-09,3082.64,3097.33,3080.13,3094.88
China,2020-01-08,3094.24,3094.24,3059.13,3066.89
China,2020-01-07,3085.49,3105.45,3084.33,3104.8
China,2020-01-06,3070.91,3107.2,3065.31,3083.41
China,2020-01-03,3089.02,3093.82,3074.52,3083.79
China,2020-01-02,3066.34,3098.1,3066.34,3085.2
